,branch_name,location_coordinates,contact,timings
0,"Synergy Auto, Saki Naka","Ground Floor, Andheri Ghatkopar Link road, Beside Hotel Grand Peninsula, Mumbai - 400072",8286046565,9am to 7pm
1,"Voyage Motors, Kandivali West","Shop No.1, Sambhav Darshan, Opposite Poisar Masjid, S.V.Road, Mumbai - 400067",9619621103,9am to 7pm
2,"Ishna Wheels, Goregaon (W)","No 266/2116,New Link Road, Mumbai - 400104",9619554921,9am to 7pm
3,"Unison Automobiles - Borivali, Borivali (W)","Shop No 4, 5 & 6, Avirahi Homes, Bldg No 3, Near Svp Polytechnic, Ic Colony, New Link Road, Mumbai - 400103",7506555038,9am to 7pm
4,"Voyage Motors - Goregaon, Goregaon (E)","Gala No 10, Gautam Chemical Compound, I.B Patel Road, Mumbai - 400063",9619597082,9am to 7pm
5,"Ishna Wheels - Andheri (W), Vile Parle West","Shop No. 4 & 5 Talati Apts,S.V Road Near Irla Bridge, Mumbai - 400058",9619563707,9am to 7pm
6,"Royal Enfield First Mumbai Store, Worli","135, Dr. Annie Besant Road, Opp. Doordarshan Tower, Mumbai - 400018",9619548445,9am to 7pm
7,"Motokraft Automobiles, Chembur","PN 573, CTS No 386, SN 86/SG/1C, Sion Trombay Rd, Kumbharwada, Opp. Wasan  Motors, Mumbai - 400071",9619564409,9am to 7pm
8,"Synergy Auto - Kurla West, Kurla West","Door No Ub 8 & 9, Paragon Plaza, Phoenix Market, LBS Marg, Mumbai - 400070",2249701112,9am to 7pm
9,"Soniya Motors - Eastern Business Distrcit, Bhandup (W)","E 03, Eastern Business Distrcit, LBS Marg	, Mumbai - 400078",9619592907,9am to 7pm
10,"Vogue Motocorp, Saki Naka","Shop No 7 to 10, Akhtar Compound	Andheri Ghatkopar Link Road, Beside Hotel Peninsula Grand, Mumbai - 400072",9167720529,9am to 7pm
11,"Royal Enfield Company Store - Bandra, Bandra(W)","Shop No 6 & 7, Imperial Plaza, 27th & 30th Road Jn, Linking Road, Opposite Bandra Hindu Association, Mumbai - 400050",9619547858,9am to 7pm
12,"Nexom Autos, Borivali (W)","Shop No 4, Victory Heights, Near C.K.P Bank, RDP Road No.1 Gorai 1, Mumbai - 400092","9662860777,8169837776",9am to 7pm
13,Royal Enfield Colaba Company Store,"Shop No 22/A Ground Floor Cursow Buag Causeway Sbs Road Colaba, Mumbai - 400001",2222840722,9am to 7pm
14,Royal Enfield Khar Company Store,"Shop No 4&5 ,Ground Floor,Linking Road Opposite Khar Telephone Exchange, Khar West, Mumbai - 400052",022-65038444/022-65808123,9am to 7pm
